{"cameraMode":{"drawMode":0,"name":"Shaded","section":"Shading Mode"},"sceneLighting":false,"audioPlay":false,"sceneViewState":{"m_AlwaysRefresh":true,"showFog":true,"showSkybox":false,"showFlares":true,"showImageEffects":true,"showParticleSystems":true,"showVisualEffectGraphs":true,"m_FxEnabled":true},"in2DMode":false,"pivot":{"x":482.3944091796875,"y":473.2955322265625,"z":137.4158935546875},"rotation":{"x":-0.029995035380125047,"y":-0.00539377611130476,"z":-0.00016610659076832235,"w":0.99953693151474},"size":801.6542358398438,"orthographic":true}