{"cameraMode":{"drawMode":0,"name":"Shaded","section":"Shading Mode"},"sceneLighting":true,"audioPlay":false,"sceneViewState":{"m_AlwaysRefresh":true,"showFog":true,"showSkybox":true,"showFlares":true,"showImageEffects":true,"showParticleSystems":true,"showVisualEffectGraphs":true,"m_FxEnabled":true},"in2DMode":false,"pivot":{"x":24.018016815185548,"y":-385.57867431640627,"z":299.8638000488281},"rotation":{"x":0.4483596384525299,"y":0.04852897301316261,"z":-0.022571709007024766,"w":0.8926130533218384},"size":266.3603210449219,"orthographic":false}