{"cameraMode":{"drawMode":0,"name":"Shaded","section":"Shading Mode"},"sceneLighting":true,"audioPlay":false,"sceneViewState":{"m_AlwaysRefresh":true,"showFog":true,"showSkybox":true,"showFlares":true,"showImageEffects":true,"showParticleSystems":true,"showVisualEffectGraphs":true,"m_FxEnabled":true},"in2DMode":false,"pivot":{"x":-0.8678994178771973,"y":-0.7604678869247437,"z":-1.9361741542816163},"rotation":{"x":-0.33087119460105898,"y":-0.5020838379859924,"z":0.21483927965164185,"w":-0.7699761986732483},"size":9.802739143371582,"orthographic":false}