{"cameraMode":{"drawMode":0,"name":"Shaded","section":"Shading Mode"},"sceneLighting":true,"audioPlay":false,"sceneViewState":{"m_AlwaysRefresh":true,"showFog":true,"showSkybox":true,"showFlares":true,"showImageEffects":true,"showParticleSystems":true,"showVisualEffectGraphs":true,"m_FxEnabled":true},"in2DMode":false,"pivot":{"x":366.8947448730469,"y":27.606273651123048,"z":-347.21160888671877},"rotation":{"x":0.1701776385307312,"y":-0.38088423013687136,"z":0.06987505406141281,"w":0.9067643284797669},"size":0.5114126205444336,"orthographic":false}