{"cameraMode":{"drawMode":0,"name":"Shaded","section":"Shading Mode"},"sceneLighting":true,"audioPlay":false,"sceneViewState":{"m_AlwaysRefresh":true,"showFog":true,"showSkybox":true,"showFlares":true,"showImageEffects":true,"showParticleSystems":true,"showVisualEffectGraphs":true,"m_FxEnabled":true},"in2DMode":false,"pivot":{"x":10.495436668395996,"y":36.77167892456055,"z":36.013885498046878},"rotation":{"x":-0.014269835315644741,"y":-0.8303046226501465,"z":0.5575956106185913,"w":-0.019392354413866998},"size":21.65546417236328,"orthographic":false}