{"cameraMode":{"drawMode":0,"name":"Shaded","section":"Shading Mode"},"sceneLighting":true,"audioPlay":false,"sceneViewState":{"m_AlwaysRefresh":true,"showFog":true,"showSkybox":true,"showFlares":true,"showImageEffects":true,"showParticleSystems":true,"showVisualEffectGraphs":true,"m_FxEnabled":true},"in2DMode":false,"pivot":{"x":-12.665014266967774,"y":-9.893842697143555,"z":3.3901355266571047},"rotation":{"x":0.20605598390102387,"y":-0.6849218606948853,"z":0.20981648564338685,"w":0.6675094962120056},"size":9.434554100036621,"orthographic":false}