{"cameraMode":{"drawMode":0,"name":"Shaded","section":"Shading Mode"},"sceneLighting":true,"audioPlay":false,"sceneViewState":{"m_AlwaysRefresh":true,"showFog":true,"showSkybox":true,"showFlares":true,"showImageEffects":true,"showParticleSystems":true,"showVisualEffectGraphs":true,"m_FxEnabled":true},"in2DMode":false,"pivot":{"x":85.00945281982422,"y":21.821903228759767,"z":57.33353042602539},"rotation":{"x":0.474368691444397,"y":0.021122315898537637,"z":-0.011389062739908696,"w":0.8800071477890015},"size":50.196414947509769,"orthographic":true}