{"cameraMode":{"drawMode":0,"name":"Shaded","section":"Shading Mode"},"sceneLighting":false,"audioPlay":false,"sceneViewState":{"m_AlwaysRefresh":true,"showFog":true,"showSkybox":false,"showFlares":true,"showImageEffects":true,"showParticleSystems":true,"showVisualEffectGraphs":true,"m_FxEnabled":true},"in2DMode":false,"pivot":{"x":-0.16941523551940919,"y":2.5267913341522219,"z":0.2273491621017456},"rotation":{"x":-0.19372664391994477,"y":-0.7501033544540405,"z":0.24604099988937379,"w":-0.5830405950546265},"size":3.5392637252807619,"orthographic":false}