{"cameraMode":{"drawMode":0,"name":"Shaded","section":"Shading Mode"},"sceneLighting":false,"audioPlay":false,"sceneViewState":{"m_AlwaysRefresh":true,"showFog":true,"showSkybox":false,"showFlares":true,"showImageEffects":true,"showParticleSystems":true,"showVisualEffectGraphs":true,"m_FxEnabled":true},"in2DMode":false,"pivot":{"x":-0.03026413917541504,"y":0.5877529382705689,"z":0.07367432117462158},"rotation":{"x":-0.3079761266708374,"y":0.6209290027618408,"z":-0.2896452248096466,"w":-0.6601130366325378},"size":1.3756996393203736,"orthographic":false}